"subjectid_text","batchid","cond"
"Subject_1","batch_0","cond_1"
"Subject_2","batch_1","cond_0"
"Subject_3","batch_1","cond_0"
"Subject_4","batch_0","cond_1"
"Subject_5","batch_1","cond_1"
"Subject_6","batch_0","cond_0"
"Subject_7","batch_0","cond_0"
"Subject_8","batch_1","cond_1"
"Subject_9","batch_0","cond_0"
"Subject_10","batch_0","cond_0"
"Subject_11","batch_0","cond_0"
"Subject_12","batch_0","cond_0"
"Subject_13","batch_1","cond_1"
"Subject_14","batch_0","cond_0"
"Subject_15","batch_0","cond_0"
"Subject_16","batch_0","cond_0"
"Subject_17","batch_1","cond_1"
"Subject_18","batch_0","cond_0"
"Subject_19","batch_1","cond_1"
"Subject_20","batch_0","cond_0"
"Subject_21","batch_1","cond_1"
"Subject_22","batch_0","cond_0"
"Subject_23","batch_1","cond_0"
"Subject_24","batch_0","cond_0"
"Subject_25","batch_0","cond_0"
"Subject_26","batch_1","cond_1"
"Subject_27","batch_1","cond_1"
"Subject_28","batch_1","cond_1"
"Subject_29","batch_0","cond_0"
"Subject_30","batch_1","cond_1"
"Subject_31","batch_1","cond_1"
"Subject_32","batch_0","cond_0"
"Subject_33","batch_1","cond_1"
"Subject_34","batch_1","cond_1"
"Subject_35","batch_0","cond_0"
"Subject_36","batch_0","cond_0"
"Subject_37","batch_0","cond_0"
"Subject_38","batch_1","cond_1"
"Subject_39","batch_1","cond_1"
"Subject_40","batch_0","cond_0"
"Subject_41","batch_1","cond_1"
"Subject_42","batch_1","cond_1"
"Subject_43","batch_0","cond_0"
"Subject_44","batch_0","cond_0"
"Subject_45","batch_0","cond_0"
"Subject_46","batch_0","cond_0"
"Subject_47","batch_0","cond_0"
"Subject_48","batch_0","cond_0"
"Subject_49","batch_1","cond_1"
"Subject_50","batch_1","cond_1"
"Subject_51","batch_0","cond_0"
"Subject_52","batch_0","cond_0"
"Subject_53","batch_0","cond_0"
"Subject_54","batch_0","cond_0"
"Subject_55","batch_1","cond_1"
"Subject_56","batch_1","cond_1"
"Subject_57","batch_1","cond_1"
"Subject_58","batch_1","cond_1"
"Subject_59","batch_1","cond_1"
"Subject_60","batch_1","cond_1"
"Subject_61","batch_1","cond_1"
"Subject_62","batch_1","cond_1"
"Subject_63","batch_0","cond_0"
"Subject_64","batch_0","cond_0"
"Subject_65","batch_1","cond_1"
"Subject_66","batch_1","cond_0"
"Subject_67","batch_0","cond_1"
"Subject_68","batch_1","cond_1"
"Subject_69","batch_1","cond_0"
"Subject_70","batch_0","cond_0"
"Subject_71","batch_0","cond_0"
"Subject_72","batch_0","cond_0"
"Subject_73","batch_0","cond_0"
"Subject_74","batch_0","cond_1"
"Subject_75","batch_0","cond_0"
"Subject_76","batch_0","cond_0"
"Subject_77","batch_1","cond_1"
"Subject_78","batch_1","cond_1"
"Subject_79","batch_0","cond_0"
"Subject_80","batch_1","cond_1"
"Subject_81","batch_0","cond_0"
"Subject_82","batch_0","cond_0"
"Subject_83","batch_1","cond_1"
"Subject_84","batch_1","cond_1"
"Subject_85","batch_0","cond_0"
"Subject_86","batch_1","cond_1"
"Subject_87","batch_0","cond_1"
"Subject_88","batch_0","cond_0"
"Subject_89","batch_1","cond_1"
"Subject_90","batch_1","cond_1"
"Subject_91","batch_0","cond_0"
"Subject_92","batch_1","cond_1"
"Subject_93","batch_1","cond_1"
"Subject_94","batch_1","cond_0"
"Subject_95","batch_1","cond_1"
"Subject_96","batch_0","cond_0"
"Subject_97","batch_0","cond_0"
"Subject_98","batch_0","cond_0"
"Subject_99","batch_0","cond_1"
"Subject_100","batch_0","cond_0"
"Subject_101","batch_1","cond_1"
"Subject_102","batch_1","cond_1"
"Subject_103","batch_1","cond_1"
"Subject_104","batch_1","cond_1"
"Subject_105","batch_1","cond_1"
"Subject_106","batch_1","cond_1"
"Subject_107","batch_1","cond_1"
"Subject_108","batch_1","cond_1"
"Subject_109","batch_1","cond_1"
"Subject_110","batch_0","cond_0"
"Subject_111","batch_0","cond_0"
"Subject_112","batch_1","cond_1"
"Subject_113","batch_1","cond_1"
"Subject_114","batch_0","cond_0"
"Subject_115","batch_0","cond_0"
"Subject_116","batch_0","cond_0"
"Subject_117","batch_0","cond_0"
"Subject_118","batch_0","cond_0"
"Subject_119","batch_0","cond_0"
"Subject_120","batch_0","cond_0"
"Subject_121","batch_1","cond_1"
"Subject_122","batch_0","cond_0"
"Subject_123","batch_1","cond_1"
"Subject_124","batch_0","cond_0"
"Subject_125","batch_0","cond_0"
"Subject_126","batch_0","cond_0"
"Subject_127","batch_1","cond_0"
"Subject_128","batch_0","cond_0"
"Subject_129","batch_1","cond_1"
"Subject_130","batch_1","cond_1"
"Subject_131","batch_0","cond_0"
"Subject_132","batch_0","cond_0"
"Subject_133","batch_0","cond_0"
"Subject_134","batch_0","cond_0"
"Subject_135","batch_1","cond_1"
"Subject_136","batch_1","cond_1"
"Subject_137","batch_0","cond_0"
"Subject_138","batch_0","cond_0"
"Subject_139","batch_0","cond_0"
"Subject_140","batch_0","cond_0"
"Subject_141","batch_1","cond_1"
"Subject_142","batch_0","cond_0"
"Subject_143","batch_0","cond_0"
"Subject_144","batch_1","cond_1"
"Subject_145","batch_1","cond_1"
"Subject_146","batch_1","cond_1"
"Subject_147","batch_0","cond_0"
"Subject_148","batch_1","cond_1"
"Subject_149","batch_0","cond_0"
"Subject_150","batch_0","cond_1"
"Subject_151","batch_1","cond_1"
"Subject_152","batch_0","cond_1"
"Subject_153","batch_1","cond_1"
"Subject_154","batch_1","cond_1"
"Subject_155","batch_1","cond_1"
"Subject_156","batch_1","cond_1"
"Subject_157","batch_0","cond_0"
"Subject_158","batch_0","cond_0"
"Subject_159","batch_1","cond_1"
"Subject_160","batch_0","cond_0"
"Subject_161","batch_0","cond_0"
"Subject_162","batch_0","cond_0"
"Subject_163","batch_1","cond_1"
"Subject_164","batch_0","cond_0"
"Subject_165","batch_1","cond_1"
"Subject_166","batch_1","cond_1"
"Subject_167","batch_1","cond_1"
"Subject_168","batch_1","cond_1"
"Subject_169","batch_0","cond_0"
"Subject_170","batch_0","cond_0"
"Subject_171","batch_0","cond_0"
"Subject_172","batch_1","cond_1"
"Subject_173","batch_1","cond_1"
"Subject_174","batch_0","cond_0"
"Subject_175","batch_0","cond_0"
"Subject_176","batch_1","cond_1"
"Subject_177","batch_0","cond_0"
"Subject_178","batch_1","cond_1"
"Subject_179","batch_0","cond_0"
"Subject_180","batch_1","cond_1"
"Subject_181","batch_0","cond_0"
"Subject_182","batch_0","cond_0"
"Subject_183","batch_0","cond_0"
"Subject_184","batch_1","cond_1"
"Subject_185","batch_0","cond_0"
"Subject_186","batch_0","cond_0"
"Subject_187","batch_0","cond_0"
"Subject_188","batch_0","cond_0"
"Subject_189","batch_1","cond_1"
"Subject_190","batch_1","cond_1"
"Subject_191","batch_0","cond_0"
"Subject_192","batch_1","cond_1"
"Subject_193","batch_1","cond_1"
"Subject_194","batch_1","cond_1"
"Subject_195","batch_0","cond_0"
"Subject_196","batch_1","cond_1"
"Subject_197","batch_1","cond_1"
"Subject_198","batch_1","cond_1"
"Subject_199","batch_1","cond_1"
"Subject_200","batch_1","cond_1"
"Subject_201","batch_1","cond_1"
"Subject_202","batch_1","cond_1"
"Subject_203","batch_0","cond_0"
"Subject_204","batch_0","cond_0"
"Subject_205","batch_0","cond_0"
"Subject_206","batch_0","cond_0"
"Subject_207","batch_0","cond_0"
"Subject_208","batch_1","cond_1"
"Subject_209","batch_1","cond_1"
"Subject_210","batch_1","cond_1"
"Subject_211","batch_0","cond_0"
"Subject_212","batch_0","cond_0"
"Subject_213","batch_1","cond_1"
"Subject_214","batch_1","cond_1"
"Subject_215","batch_0","cond_0"
"Subject_216","batch_1","cond_1"
"Subject_217","batch_0","cond_0"
"Subject_218","batch_1","cond_1"
"Subject_219","batch_1","cond_1"
"Subject_220","batch_0","cond_0"
"Subject_221","batch_0","cond_0"
"Subject_222","batch_1","cond_1"
"Subject_223","batch_1","cond_1"
"Subject_224","batch_1","cond_1"
"Subject_225","batch_0","cond_0"
"Subject_226","batch_0","cond_0"
"Subject_227","batch_0","cond_0"
"Subject_228","batch_0","cond_0"
"Subject_229","batch_1","cond_1"
"Subject_230","batch_1","cond_1"
"Subject_231","batch_1","cond_1"
"Subject_232","batch_1","cond_1"
"Subject_233","batch_1","cond_0"
"Subject_234","batch_0","cond_1"
"Subject_235","batch_0","cond_0"
"Subject_236","batch_0","cond_0"
"Subject_237","batch_1","cond_1"
"Subject_238","batch_1","cond_1"
"Subject_239","batch_1","cond_1"
"Subject_240","batch_0","cond_0"
"Subject_241","batch_0","cond_0"
"Subject_242","batch_0","cond_0"
"Subject_243","batch_1","cond_1"
"Subject_244","batch_1","cond_1"
"Subject_245","batch_0","cond_0"
"Subject_246","batch_1","cond_1"
"Subject_247","batch_0","cond_1"
"Subject_248","batch_1","cond_1"
"Subject_249","batch_1","cond_1"
"Subject_250","batch_0","cond_1"
"Subject_251","batch_0","cond_0"
"Subject_252","batch_0","cond_0"
"Subject_253","batch_1","cond_1"
"Subject_254","batch_0","cond_0"
"Subject_255","batch_1","cond_1"
"Subject_256","batch_0","cond_0"
"Subject_257","batch_1","cond_1"
"Subject_258","batch_0","cond_0"
"Subject_259","batch_1","cond_1"
"Subject_260","batch_0","cond_0"
"Subject_261","batch_1","cond_1"
"Subject_262","batch_0","cond_0"
"Subject_263","batch_1","cond_1"
"Subject_264","batch_1","cond_1"
"Subject_265","batch_0","cond_0"
"Subject_266","batch_1","cond_1"
"Subject_267","batch_1","cond_1"
"Subject_268","batch_1","cond_1"
"Subject_269","batch_0","cond_0"
"Subject_270","batch_1","cond_1"
"Subject_271","batch_0","cond_0"
"Subject_272","batch_1","cond_1"
"Subject_273","batch_1","cond_1"
"Subject_274","batch_1","cond_1"
"Subject_275","batch_0","cond_1"
"Subject_276","batch_1","cond_1"
"Subject_277","batch_1","cond_1"
"Subject_278","batch_0","cond_0"
"Subject_279","batch_1","cond_1"
"Subject_280","batch_1","cond_1"
"Subject_281","batch_0","cond_0"
"Subject_282","batch_0","cond_0"
"Subject_283","batch_0","cond_0"
"Subject_284","batch_0","cond_0"
"Subject_285","batch_1","cond_1"
"Subject_286","batch_0","cond_0"
"Subject_287","batch_1","cond_1"
"Subject_288","batch_1","cond_1"
"Subject_289","batch_0","cond_0"
"Subject_290","batch_0","cond_1"
"Subject_291","batch_1","cond_1"
"Subject_292","batch_0","cond_0"
"Subject_293","batch_1","cond_1"
"Subject_294","batch_0","cond_0"
"Subject_295","batch_1","cond_1"
"Subject_296","batch_1","cond_1"
"Subject_297","batch_0","cond_0"
"Subject_298","batch_0","cond_0"
"Subject_299","batch_0","cond_0"
"Subject_300","batch_0","cond_0"
"Subject_301","batch_1","cond_1"
"Subject_302","batch_0","cond_0"
"Subject_303","batch_1","cond_1"
"Subject_304","batch_0","cond_0"
"Subject_305","batch_0","cond_0"
"Subject_306","batch_0","cond_0"
"Subject_307","batch_0","cond_0"
"Subject_308","batch_1","cond_1"
"Subject_309","batch_1","cond_1"
"Subject_310","batch_1","cond_1"
"Subject_311","batch_1","cond_1"
"Subject_312","batch_0","cond_0"
"Subject_313","batch_1","cond_1"
"Subject_314","batch_1","cond_1"
"Subject_315","batch_0","cond_1"
"Subject_316","batch_0","cond_0"
"Subject_317","batch_0","cond_0"
"Subject_318","batch_0","cond_0"
"Subject_319","batch_0","cond_0"
"Subject_320","batch_1","cond_1"
"Subject_321","batch_1","cond_1"
"Subject_322","batch_1","cond_1"
"Subject_323","batch_0","cond_0"
"Subject_324","batch_1","cond_0"
"Subject_325","batch_0","cond_1"
"Subject_326","batch_0","cond_1"
"Subject_327","batch_1","cond_1"
"Subject_328","batch_1","cond_1"
"Subject_329","batch_0","cond_0"
"Subject_330","batch_1","cond_1"
"Subject_331","batch_1","cond_1"
"Subject_332","batch_0","cond_0"
"Subject_333","batch_0","cond_0"
"Subject_334","batch_0","cond_0"
"Subject_335","batch_0","cond_0"
"Subject_336","batch_1","cond_1"
"Subject_337","batch_1","cond_1"
"Subject_338","batch_0","cond_0"
"Subject_339","batch_0","cond_0"
"Subject_340","batch_0","cond_0"
"Subject_341","batch_1","cond_1"
"Subject_342","batch_1","cond_1"
"Subject_343","batch_1","cond_1"
"Subject_344","batch_1","cond_1"
"Subject_345","batch_1","cond_1"
"Subject_346","batch_0","cond_0"
"Subject_347","batch_1","cond_1"
"Subject_348","batch_1","cond_1"
"Subject_349","batch_0","cond_0"
"Subject_350","batch_0","cond_1"
"Subject_351","batch_0","cond_0"
"Subject_352","batch_1","cond_1"
"Subject_353","batch_0","cond_0"
"Subject_354","batch_1","cond_1"
"Subject_355","batch_1","cond_1"
"Subject_356","batch_0","cond_0"
"Subject_357","batch_0","cond_0"
"Subject_358","batch_0","cond_0"
"Subject_359","batch_0","cond_0"
"Subject_360","batch_1","cond_1"
"Subject_361","batch_1","cond_1"
"Subject_362","batch_1","cond_1"
"Subject_363","batch_0","cond_0"
"Subject_364","batch_0","cond_0"
"Subject_365","batch_0","cond_0"
"Subject_366","batch_1","cond_1"
"Subject_367","batch_0","cond_0"
"Subject_368","batch_1","cond_1"
"Subject_369","batch_1","cond_1"
"Subject_370","batch_0","cond_0"
"Subject_371","batch_0","cond_0"
"Subject_372","batch_0","cond_0"
"Subject_373","batch_1","cond_0"
"Subject_374","batch_1","cond_1"
"Subject_375","batch_0","cond_0"
"Subject_376","batch_0","cond_0"
"Subject_377","batch_1","cond_1"
"Subject_378","batch_1","cond_1"
"Subject_379","batch_1","cond_1"
"Subject_380","batch_0","cond_0"
"Subject_381","batch_0","cond_0"
"Subject_382","batch_0","cond_0"
"Subject_383","batch_0","cond_0"
"Subject_384","batch_0","cond_0"
"Subject_385","batch_1","cond_1"
"Subject_386","batch_0","cond_0"
"Subject_387","batch_0","cond_0"
"Subject_388","batch_1","cond_1"
"Subject_389","batch_0","cond_0"
"Subject_390","batch_1","cond_1"
"Subject_391","batch_0","cond_0"
"Subject_392","batch_0","cond_1"
"Subject_393","batch_0","cond_0"
"Subject_394","batch_0","cond_0"
"Subject_395","batch_1","cond_1"
"Subject_396","batch_1","cond_1"
"Subject_397","batch_0","cond_0"
"Subject_398","batch_1","cond_1"
"Subject_399","batch_1","cond_1"
"Subject_400","batch_0","cond_0"
"Subject_401","batch_0","cond_0"
"Subject_402","batch_0","cond_0"
"Subject_403","batch_0","cond_0"
"Subject_404","batch_1","cond_1"
"Subject_405","batch_0","cond_0"
"Subject_406","batch_1","cond_1"
"Subject_407","batch_1","cond_1"
"Subject_408","batch_1","cond_1"
"Subject_409","batch_1","cond_1"
"Subject_410","batch_1","cond_1"
"Subject_411","batch_0","cond_0"
"Subject_412","batch_1","cond_1"
"Subject_413","batch_0","cond_0"
"Subject_414","batch_0","cond_0"
"Subject_415","batch_0","cond_0"
"Subject_416","batch_0","cond_0"
"Subject_417","batch_1","cond_1"
"Subject_418","batch_0","cond_0"
"Subject_419","batch_0","cond_0"
"Subject_420","batch_1","cond_1"
"Subject_421","batch_1","cond_1"
"Subject_422","batch_1","cond_1"
"Subject_423","batch_0","cond_0"
"Subject_424","batch_1","cond_1"
"Subject_425","batch_0","cond_0"
"Subject_426","batch_1","cond_1"
"Subject_427","batch_0","cond_0"
"Subject_428","batch_1","cond_1"
"Subject_429","batch_1","cond_1"
"Subject_430","batch_1","cond_1"
"Subject_431","batch_0","cond_0"
"Subject_432","batch_0","cond_0"
"Subject_433","batch_1","cond_1"
"Subject_434","batch_0","cond_1"
"Subject_435","batch_1","cond_1"
"Subject_436","batch_0","cond_0"
"Subject_437","batch_1","cond_1"
"Subject_438","batch_1","cond_1"
"Subject_439","batch_0","cond_1"
"Subject_440","batch_1","cond_1"
"Subject_441","batch_1","cond_1"
"Subject_442","batch_1","cond_1"
"Subject_443","batch_0","cond_0"
"Subject_444","batch_0","cond_1"
"Subject_445","batch_1","cond_1"
"Subject_446","batch_1","cond_0"
"Subject_447","batch_1","cond_1"
"Subject_448","batch_1","cond_1"
"Subject_449","batch_0","cond_0"
"Subject_450","batch_1","cond_1"
"Subject_451","batch_0","cond_0"
"Subject_452","batch_1","cond_1"
"Subject_453","batch_0","cond_0"
"Subject_454","batch_1","cond_1"
"Subject_455","batch_1","cond_1"
"Subject_456","batch_1","cond_1"
"Subject_457","batch_1","cond_1"
"Subject_458","batch_0","cond_0"
"Subject_459","batch_0","cond_0"
"Subject_460","batch_1","cond_1"
"Subject_461","batch_1","cond_0"
"Subject_462","batch_0","cond_0"
"Subject_463","batch_1","cond_0"
"Subject_464","batch_1","cond_1"
"Subject_465","batch_0","cond_0"
"Subject_466","batch_1","cond_1"
"Subject_467","batch_0","cond_0"
"Subject_468","batch_1","cond_1"
"Subject_469","batch_1","cond_1"
"Subject_470","batch_0","cond_0"
"Subject_471","batch_0","cond_0"
"Subject_472","batch_1","cond_0"
"Subject_473","batch_1","cond_1"
"Subject_474","batch_1","cond_1"
"Subject_475","batch_0","cond_0"
"Subject_476","batch_1","cond_1"
"Subject_477","batch_0","cond_0"
"Subject_478","batch_1","cond_1"
"Subject_479","batch_1","cond_0"
"Subject_480","batch_0","cond_0"
"Subject_481","batch_0","cond_0"
"Subject_482","batch_0","cond_0"
"Subject_483","batch_0","cond_0"
"Subject_484","batch_0","cond_1"
"Subject_485","batch_0","cond_0"
"Subject_486","batch_1","cond_1"
"Subject_487","batch_1","cond_1"
"Subject_488","batch_1","cond_1"
"Subject_489","batch_1","cond_1"
"Subject_490","batch_1","cond_1"
"Subject_491","batch_1","cond_1"
"Subject_492","batch_0","cond_1"
"Subject_493","batch_1","cond_1"
"Subject_494","batch_0","cond_0"
"Subject_495","batch_0","cond_0"
"Subject_496","batch_0","cond_1"
"Subject_497","batch_0","cond_0"
"Subject_498","batch_1","cond_1"
"Subject_499","batch_0","cond_0"
"Subject_500","batch_1","cond_1"
"Subject_501","batch_0","cond_0"
"Subject_502","batch_0","cond_0"
"Subject_503","batch_1","cond_1"
"Subject_504","batch_0","cond_0"
"Subject_505","batch_1","cond_1"
"Subject_506","batch_0","cond_0"
"Subject_507","batch_1","cond_1"
"Subject_508","batch_1","cond_1"
"Subject_509","batch_0","cond_0"
"Subject_510","batch_1","cond_1"
"Subject_511","batch_0","cond_0"
"Subject_512","batch_0","cond_0"
"Subject_513","batch_1","cond_1"
"Subject_514","batch_0","cond_0"
"Subject_515","batch_0","cond_0"
"Subject_516","batch_0","cond_0"
"Subject_517","batch_0","cond_0"
"Subject_518","batch_0","cond_0"
"Subject_519","batch_1","cond_1"
"Subject_520","batch_0","cond_0"
"Subject_521","batch_0","cond_0"
"Subject_522","batch_0","cond_0"
"Subject_523","batch_0","cond_0"
"Subject_524","batch_0","cond_0"
"Subject_525","batch_1","cond_1"
"Subject_526","batch_1","cond_1"
"Subject_527","batch_1","cond_1"
"Subject_528","batch_1","cond_1"
"Subject_529","batch_0","cond_0"
"Subject_530","batch_1","cond_1"
"Subject_531","batch_1","cond_0"
"Subject_532","batch_0","cond_0"
"Subject_533","batch_0","cond_0"
"Subject_534","batch_1","cond_1"
"Subject_535","batch_0","cond_0"
"Subject_536","batch_0","cond_0"
"Subject_537","batch_1","cond_1"
"Subject_538","batch_1","cond_1"
"Subject_539","batch_1","cond_1"
"Subject_540","batch_1","cond_1"
"Subject_541","batch_0","cond_0"
"Subject_542","batch_0","cond_0"
"Subject_543","batch_1","cond_1"
"Subject_544","batch_1","cond_1"
"Subject_545","batch_1","cond_1"
"Subject_546","batch_0","cond_0"
"Subject_547","batch_0","cond_0"
"Subject_548","batch_0","cond_0"
"Subject_549","batch_0","cond_0"
"Subject_550","batch_1","cond_1"
"Subject_551","batch_0","cond_1"
"Subject_552","batch_0","cond_0"
"Subject_553","batch_0","cond_0"
"Subject_554","batch_1","cond_1"
"Subject_555","batch_0","cond_0"
"Subject_556","batch_0","cond_0"
"Subject_557","batch_0","cond_0"
"Subject_558","batch_1","cond_0"
"Subject_559","batch_1","cond_1"
"Subject_560","batch_0","cond_0"
"Subject_561","batch_1","cond_1"
"Subject_562","batch_1","cond_1"
"Subject_563","batch_0","cond_0"
"Subject_564","batch_1","cond_1"
"Subject_565","batch_0","cond_0"
"Subject_566","batch_0","cond_0"
"Subject_567","batch_0","cond_0"
"Subject_568","batch_0","cond_0"
"Subject_569","batch_0","cond_0"
"Subject_570","batch_1","cond_1"
"Subject_571","batch_0","cond_0"
"Subject_572","batch_0","cond_0"
"Subject_573","batch_1","cond_1"
"Subject_574","batch_0","cond_0"
"Subject_575","batch_1","cond_0"
"Subject_576","batch_1","cond_1"
"Subject_577","batch_1","cond_0"
"Subject_578","batch_1","cond_0"
"Subject_579","batch_1","cond_0"
"Subject_580","batch_1","cond_1"
"Subject_581","batch_1","cond_1"
"Subject_582","batch_1","cond_1"
"Subject_583","batch_1","cond_1"
"Subject_584","batch_1","cond_1"
"Subject_585","batch_1","cond_1"
"Subject_586","batch_0","cond_0"
"Subject_587","batch_1","cond_1"
"Subject_588","batch_1","cond_1"
"Subject_589","batch_0","cond_0"
"Subject_590","batch_1","cond_1"
"Subject_591","batch_1","cond_1"
"Subject_592","batch_0","cond_0"
"Subject_593","batch_0","cond_0"
"Subject_594","batch_0","cond_0"
"Subject_595","batch_1","cond_1"
"Subject_596","batch_0","cond_0"
"Subject_597","batch_0","cond_0"
"Subject_598","batch_1","cond_1"
"Subject_599","batch_0","cond_0"
"Subject_600","batch_1","cond_1"
"Subject_601","batch_1","cond_1"
"Subject_602","batch_0","cond_0"
"Subject_603","batch_1","cond_1"
"Subject_604","batch_1","cond_1"
"Subject_605","batch_0","cond_0"
"Subject_606","batch_0","cond_0"
"Subject_607","batch_0","cond_0"
"Subject_608","batch_1","cond_1"
"Subject_609","batch_0","cond_0"
"Subject_610","batch_0","cond_0"
"Subject_611","batch_1","cond_0"
"Subject_612","batch_0","cond_0"
"Subject_613","batch_1","cond_1"
"Subject_614","batch_0","cond_0"
"Subject_615","batch_1","cond_1"
"Subject_616","batch_1","cond_1"
"Subject_617","batch_0","cond_0"
"Subject_618","batch_0","cond_0"
"Subject_619","batch_1","cond_1"
"Subject_620","batch_1","cond_1"
"Subject_621","batch_1","cond_1"
"Subject_622","batch_1","cond_1"
"Subject_623","batch_0","cond_0"
"Subject_624","batch_1","cond_1"
"Subject_625","batch_0","cond_0"
"Subject_626","batch_0","cond_0"
"Subject_627","batch_1","cond_1"
"Subject_628","batch_0","cond_0"
"Subject_629","batch_1","cond_1"
"Subject_630","batch_1","cond_1"
"Subject_631","batch_0","cond_0"
"Subject_632","batch_1","cond_1"
"Subject_633","batch_0","cond_0"
"Subject_634","batch_1","cond_1"
"Subject_635","batch_0","cond_0"
"Subject_636","batch_1","cond_1"
"Subject_637","batch_1","cond_1"
"Subject_638","batch_0","cond_0"
"Subject_639","batch_0","cond_0"
"Subject_640","batch_0","cond_0"
"Subject_641","batch_0","cond_0"
"Subject_642","batch_1","cond_1"
"Subject_643","batch_0","cond_0"
"Subject_644","batch_1","cond_1"
"Subject_645","batch_1","cond_1"
"Subject_646","batch_1","cond_1"
"Subject_647","batch_1","cond_1"
"Subject_648","batch_0","cond_0"
"Subject_649","batch_1","cond_1"
"Subject_650","batch_1","cond_1"
"Subject_651","batch_1","cond_0"
"Subject_652","batch_1","cond_1"
"Subject_653","batch_0","cond_1"
"Subject_654","batch_0","cond_0"
"Subject_655","batch_1","cond_1"
"Subject_656","batch_0","cond_0"
"Subject_657","batch_1","cond_1"
"Subject_658","batch_0","cond_0"
"Subject_659","batch_1","cond_1"
"Subject_660","batch_0","cond_0"
"Subject_661","batch_0","cond_0"
"Subject_662","batch_1","cond_1"
"Subject_663","batch_0","cond_0"
"Subject_664","batch_0","cond_0"
"Subject_665","batch_1","cond_1"
"Subject_666","batch_0","cond_0"
"Subject_667","batch_1","cond_1"
"Subject_668","batch_0","cond_0"
"Subject_669","batch_1","cond_1"
"Subject_670","batch_1","cond_1"
"Subject_671","batch_1","cond_1"
"Subject_672","batch_0","cond_0"
"Subject_673","batch_1","cond_1"
"Subject_674","batch_1","cond_0"
"Subject_675","batch_0","cond_0"
"Subject_676","batch_1","cond_1"
"Subject_677","batch_0","cond_0"
"Subject_678","batch_1","cond_1"
"Subject_679","batch_0","cond_0"
"Subject_680","batch_0","cond_0"
"Subject_681","batch_0","cond_0"
"Subject_682","batch_0","cond_0"
"Subject_683","batch_0","cond_0"
"Subject_684","batch_1","cond_1"
"Subject_685","batch_1","cond_1"
"Subject_686","batch_1","cond_1"
"Subject_687","batch_1","cond_1"
"Subject_688","batch_1","cond_1"
"Subject_689","batch_0","cond_0"
"Subject_690","batch_1","cond_0"
"Subject_691","batch_0","cond_0"
"Subject_692","batch_0","cond_0"
"Subject_693","batch_1","cond_1"
"Subject_694","batch_0","cond_0"
"Subject_695","batch_1","cond_1"
"Subject_696","batch_1","cond_1"
"Subject_697","batch_1","cond_1"
"Subject_698","batch_1","cond_1"
"Subject_699","batch_1","cond_1"
"Subject_700","batch_0","cond_0"
"Subject_701","batch_1","cond_0"
"Subject_702","batch_1","cond_1"
"Subject_703","batch_0","cond_0"
"Subject_704","batch_0","cond_1"
"Subject_705","batch_1","cond_0"
"Subject_706","batch_1","cond_1"
"Subject_707","batch_1","cond_1"
"Subject_708","batch_0","cond_0"
"Subject_709","batch_0","cond_0"
"Subject_710","batch_1","cond_1"
"Subject_711","batch_1","cond_1"
"Subject_712","batch_0","cond_0"
"Subject_713","batch_0","cond_0"
"Subject_714","batch_0","cond_0"
"Subject_715","batch_1","cond_1"
"Subject_716","batch_0","cond_0"
"Subject_717","batch_0","cond_0"
"Subject_718","batch_1","cond_1"
"Subject_719","batch_0","cond_1"
"Subject_720","batch_1","cond_1"
"Subject_721","batch_0","cond_1"
"Subject_722","batch_1","cond_1"
"Subject_723","batch_0","cond_0"
"Subject_724","batch_0","cond_0"
"Subject_725","batch_1","cond_1"
"Subject_726","batch_0","cond_0"
"Subject_727","batch_0","cond_0"
"Subject_728","batch_0","cond_0"
"Subject_729","batch_0","cond_0"
"Subject_730","batch_0","cond_0"
"Subject_731","batch_1","cond_1"
"Subject_732","batch_0","cond_0"
"Subject_733","batch_1","cond_1"
"Subject_734","batch_0","cond_0"
"Subject_735","batch_1","cond_1"
"Subject_736","batch_0","cond_1"
"Subject_737","batch_0","cond_0"
"Subject_738","batch_0","cond_0"
"Subject_739","batch_0","cond_0"
"Subject_740","batch_0","cond_0"
"Subject_741","batch_1","cond_0"
"Subject_742","batch_1","cond_1"
"Subject_743","batch_0","cond_0"
"Subject_744","batch_0","cond_0"
"Subject_745","batch_1","cond_1"
"Subject_746","batch_1","cond_1"
"Subject_747","batch_0","cond_0"
"Subject_748","batch_1","cond_1"
"Subject_749","batch_0","cond_0"
"Subject_750","batch_1","cond_1"
